random kmeans,kde kmeans,kmeans++,random SOM,kmeans SOM,kde kmeans SOM,kmeans++ SOM,SOM++,kde SOM
0.820992627460647,0.8135688256347997,0.6382225726716072,0.8102081753420244,0.5070066143434684,0.8043651377384728,0.588889089250355,0.6658253348449622,0.8355622792872908
