random kmeans,kde kmeans,kmeans++,random SOM,kmeans SOM,kde kmeans SOM,kmeans++ SOM,SOM++,kde SOM
0.8188570772900479,0.8188570772900479,0.25621385884639963,0.8188570772900479,0.8188570772900479,0.5859946268070718,0.39366771719738947,0.24947842026743974,0.15019847709800402
